doc_id,doc_start_pos,doc_end_pos,sentence_id,sent_start_pos,sent_end_pos,surface,type,score
0,9,21,0,9,21,Pope Clement,PER,0.9999894499778748
0,46,56,0,46,56,Buonarroti,PER,0.9999865293502808
0,74,82,0,74,82,Florence,LOC,0.9999650716781616
0,134,144,0,134,144,S . Lorenzo,LOC,0.9650021394093832
0,225,245,0,225,245,Life of Michelagnolo,WORK,0.9999885261058807
0,346,365,0,346,365,Fra Giovanni Agnolo,PER,0.99978240331014
0,417,437,0,417,437,Antonio da San Gallo,PER,0.9999905824661255
0,474,491,0,474,491,Madonna di Loreto,WORK,0.9999758303165436
0,541,549,1,48,56,Florence,LOC,0.9999721050262451
0,551,563,1,58,70,Michelagnolo,PER,0.9998611211776733
0,598,605,1,105,112,Lorenzo,PER,0.9768061637878418
0,615,623,1,122,130,Giuliano,PER,0.9987209439277649
0,741,756,1,248,263,Giovanni Agnolo,PER,0.9976979792118073
0,979,989,2,94,104,S . Cosimo,WORK,0.554404616355896
0,995,1006,2,110,121,S . Damiano,WORK,0.6798160076141357
0,1049,1056,2,164,171,Madonna,PER,0.6184079051017761
0,1062,1074,2,177,189,Michelagnolo,PER,0.9998767375946045
0,1080,1083,2,195,198,the,WORK,0.5750157237052917
0,1084,1085,2,199,200,S,PER,0.4357578158378601
0,1085,1086,2,200,201,.,WORK,0.5455217957496643
0,1098,1120,2,213,235,Raffaello da Montelupo,PER,0.999942938486735
0,1410,1420,3,134,144,Buonarroti,PER,0.9999895095825195
0,1444,1456,3,168,180,Michelagnolo,PER,0.9999750852584839
0,1528,1534,3,252,258,Arezzo,LOC,0.9784698486328125
0,1544,1550,3,268,274,Vasari,PER,0.9999701976776123
0,1663,1675,4,55,67,Michelagnolo,PER,0.9999957084655762
0,1845,1857,4,237,249,Michelagnolo,PER,0.9999960660934448
0,1929,1941,5,5,17,Michelagnolo,PER,0.9999864101409912
0,1966,1985,5,42,61,Fra Giovanni Agnolo,PER,0.9999304413795471
0,2038,2042,5,114,118,Duke,PER,0.8724859952926636
0,2043,2051,5,119,127,Giuliano,PER,0.7488089203834534
0,2061,2068,5,137,144,Lorenzo,PER,0.8872702717781067
0,2180,2190,5,256,266,S . Lorenzo,LOC,0.9997506340344747
0,2203,2207,5,279,283,Rome,LOC,0.9999854564666748
0,2254,2266,5,330,342,Pope Clement,PER,0.9999972581863403
0,2309,2317,6,3,11,Florence,LOC,0.999946117401123
0,2530,2542,6,224,236,Michelagnolo,PER,0.9999128580093384
0,2610,2629,6,304,323,Fra Giovanni Agnolo,PER,0.9999245603879293
1,7,23,0,7,23,Michele d'Agnolo,PER,0.8545396625995636
1,27,37,0,27,37,Poggibonzi,LOC,0.9999758005142212
1,57,67,0,57,67,Montorsoli,LOC,0.9999778270721436
1,103,111,0,103,111,Florence,LOC,0.9999946355819702
1,127,134,0,127,134,Bologna,LOC,0.9999935626983643
1,244,250,0,244,250,Agnolo,PER,0.9757357239723206
1,474,481,1,222,229,Fiesole,LOC,0.9999938011169434
1,502,512,1,250,260,Montorsoli,LOC,0.9999933242797852
1,514,520,2,0,6,Agnolo,PER,0.9999798536300659
1,586,605,2,72,91,Francesco del Tadda,PER,0.9999922116597494
1,822,841,3,48,67,Francesco del Tadda,PER,0.9999797344207764
1,855,861,3,81,87,Andrea,PER,0.9999364614486694
1,877,884,3,103,110,Fiesole,LOC,0.4062383770942688
1,1081,1088,4,29,36,Michele,PER,0.9998525381088257
1,1101,1107,4,49,55,Agnolo,PER,0.9999732971191406
1,1162,1166,4,110,114,Rome,LOC,0.99998939037323
1,1218,1227,4,166,175,S . Pietro,LOC,0.9999091227849325
1,1410,1414,5,26,30,Rome,LOC,0.9999912977218628
1,1453,1460,5,69,76,Perugia,LOC,0.9999871253967285
1,1584,1591,6,33,40,Perugia,LOC,0.9999338388442993
1,1733,1752,6,182,201,M . Raffaello Maffei,PER,0.9999935328960419
1,1761,1775,6,210,224,Il Volterrano,WORK,0.9998404085636139
1,1780,1788,6,229,237,Volterra,LOC,0.9999783039093018
2,69,77,0,69,77,Giovanni,PER,0.9999347925186157
2,82,89,0,82,89,Niccola,PER,0.9997550845146179
2,93,97,0,93,97,Pisa,LOC,0.9998807907104492
2,99,107,0,99,107,Agostino,PER,0.999976634979248
2,112,118,0,112,118,Agnolo,PER,0.9999550580978394
2,133,138,0,133,138,Siena,LOC,0.9999699592590332
2,185,189,0,185,189,Life,WORK,0.9999481439590454
2,301,306,1,71,76,Siena,LOC,0.999987006187439
2,445,456,1,215,226,Fontebranda,LOC,0.995192289352417
2,512,521,1,282,291,Consulate,,0.9999737739562988
2,527,540,1,297,310,Customs-house,LOC,0.5567022562026978
2,800,808,3,0,8,Agostino,PER,0.9999864101409912
2,813,819,3,13,19,Agnolo,PER,0.9999607801437378
2,868,876,3,68,76,Giovanni,PER,0.9999731779098511
2,881,888,3,81,88,Niccola,PER,0.9998719692230225
2,892,896,3,92,96,Pisa,LOC,0.9990744590759277
2,1015,1023,4,30,38,Giovanni,PER,0.9999815225601196
2,1040,1046,4,55,61,Naples,LOC,0.9999942779541016
2,1050,1054,4,65,69,Pisa,LOC,0.9999921321868896
2,1083,1088,4,98,103,Siena,LOC,0.9999676942825317
2,1154,1159,4,169,174,Duomo,LOC,0.9997817873954773
2,1280,1288,4,295,303,Agostino,PER,0.9999874830245972
2,1537,1545,5,30,38,Giovanni,PER,0.9999779462814331
2,1994,2002,6,275,283,Agostino,PER,0.9994995594024658
2,2045,2053,6,326,334,Giovanni,PER,0.9999505281448364
2,2072,2078,6,353,359,Agnolo,PER,0.999843955039978
3,0,8,0,0,8,Agostino,PER,0.9999622106552124
3,46,54,0,46,54,Giovanni,PER,0.9999557733535767
3,100,109,0,100,109,Vescovado,LOC,0.9129322171211243
3,113,119,0,113,119,Arezzo,LOC,0.9997937083244324
3,193,199,0,193,199,Agnolo,PER,0.9999358654022217
3,322,330,0,322,330,Agostino,PER,0.9999856948852539
3,399,407,1,38,46,Giovanni,PER,0.9998353719711304
3,529,536,1,168,175,Pistola,LOC,0.8337670564651489
3,541,545,1,180,184,Pisa,LOC,0.9997730851173401
3,712,717,2,144,149,Siena,LOC,0.9999927282333374
3,719,727,2,151,159,Agostino,PER,0.999915599822998
3,753,759,2,185,191,Palace,LOC,0.9989727735519409
3,763,775,2,195,207,Malborghetto,LOC,0.9995786547660828
3,890,895,3,85,90,Siena,LOC,0.99998939037323
3,915,923,3,110,118,Giovanni,PER,0.9997610449790955
3,983,988,3,178,183,State,,0.9347696900367737
3,1084,1089,3,279,284,Duomo,LOC,0.9998897314071655
3,1215,1227,3,410,422,Porta Romana,LOC,0.9999883969624838
3,1335,1351,3,530,546,Porta S. Martino,LOC,0.9999797344207764
3,1377,1389,4,24,36,Porta a Tufi,LOC,0.9999897181987762
3,1417,1443,4,64,90,Porta di S . Agata all'Arco,LOC,0.9999877015749613
3,1491,1499,5,46,54,Agostino,PER,0.9999576807022095
3,1504,1510,5,59,65,Agnolo,PER,0.9999229907989502
3,1531,1566,5,86,121,Church and Convent of S . Francesco,LOC,0.8749698027968407
3,1598,1603,5,153,158,Gaeta,PER,0.8201139569282532
3,1709,1716,6,86,93,Orvieto,LOC,0.9998536109924316
3,1718,1726,6,95,103,Agostino,PER,0.9999560117721558
3,1731,1737,6,108,114,Agnolo,PER,0.9998645782470703
3,1795,1803,6,172,180,S . Maria,PER,0.9998652537663778
4,50,58,0,50,58,Florence,LOC,0.9999433755874634
4,101,135,0,101,135,Lorenzo de ' Medici the Magnificent,PER,0.9998120864232382
4,180,203,0,180,203,Michelagnolo di Viviano,PER,0.9999586741129557
4,207,214,0,207,214,Gaiuole,LOC,0.9999772310256958
4,364,376,1,5,17,Michelagnolo,PER,0.8576365113258362
4,687,695,1,328,336,Florence,LOC,0.999889612197876
4,708,727,2,11,30,Magnificent Lorenzo,PER,0.9999176462491354
4,749,755,2,52,58,Medici,PER,0.9996010661125183
4,801,809,2,104,112,Giuliano,PER,0.9997343420982361
4,826,850,2,129,153,that Magnificent Lorenzo,PER,0.9996828635533651
4,863,882,2,166,185,Piazza di S . Croce,LOC,0.9999633431434631
4,1059,1066,3,86,93,Lorenzo,PER,0.9163190126419067
4,1360,1383,4,8,31,Michelagnolo the Medici,PER,0.8774717003107071
4,1409,1417,4,57,65,Florence,LOC,0.9999921321868896
4,1691,1703,5,35,47,Michelagnolo,PER,0.9905799031257629
4,1726,1737,5,70,81,Bartolommeo,PER,0.9957119226455688
4,1817,1823,5,161,167,Baccio,PER,0.9996021389961243
4,1825,1837,6,0,12,Michelagnolo,PER,0.9999746084213257
5,0,8,0,0,8,Pope Leo,PER,0.9999792575836182
5,81,100,0,81,100,Chamber of Our Lady,LOC,0.9999450445175171
5,104,110,0,104,110,Loreto,LOC,0.9985981583595276
5,152,167,0,152,167,Andrea Contucci,PER,0.9995965361595154
5,171,186,0,171,186,Monte Sansovino,LOC,0.9999852776527405
5,306,312,1,17,23,Baccio,PER,0.9997105002403259
5,321,325,1,32,36,Rome,LOC,0.9999924898147583
5,374,379,1,85,90,David,PER,0.9995868802070618
5,396,403,1,107,114,Goliath,PER,0.9682424664497375
5,555,561,1,266,272,Medici,PER,0.994513750076294
5,565,573,1,276,284,Florence,LOC,0.9999508857727051
5,601,616,1,312,327,David of Donato,WORK,0.9998752027750015
5,648,661,1,359,372,Medici Palace,,0.9348746339480082
5,726,730,2,4,8,Pope,PER,0.9999138116836548
5,747,753,2,25,31,Baccio,PER,0.9999679327011108
5,810,815,2,88,93,David,PER,0.9999247789382935
5,829,835,2,107,113,Loreto,LOC,0.9817484021186829
5,839,853,2,117,131,Maestro Andrea,PER,0.8870732486248016
5,871,877,2,149,155,Andrea,PER,0.9997380375862122
5,938,944,3,18,24,Loreto,LOC,0.9998842477798462
5,982,988,3,62,68,Andrea,PER,0.9707781076431274
5,1157,1177,3,237,257,Nativity of Our Lady,WORK,0.9998626112937927
5,1179,1185,4,0,6,Baccio,PER,0.999976396560669
5,1442,1448,4,263,269,Andrea,PER,0.9990987777709961
5,1604,1610,5,20,26,Baccio,PER,0.9999899864196777
5,1631,1637,5,47,53,Andrea,PER,0.9990818500518799
5,1909,1915,5,325,331,Baccio,PER,0.999992847442627
5,1961,1967,6,4,10,Baccio,PER,0.9999885559082031
5,2026,2032,6,69,75,Andrea,PER,0.7794634103775024
5,2101,2111,6,144,154,Bandinelli,PER,0.9999903440475464
5,2210,2216,7,38,44,Loreto,LOC,0.9753187298774719
5,2218,2224,7,46,52,Baccio,PER,0.9999862909317017
5,2250,2256,7,78,84,Ancona,LOC,0.9998321533203125
5,2393,2415,8,37,59,Raffaello da Montelupo,PER,0.9999570846557617
5,2464,2470,8,108,114,Andrea,PER,0.9976160526275635
6,1125,1151,2,374,400,Filippo di Ser Brunellesco,PER,0.9999947547912598
6,1205,1222,2,454,471,Forese da Rabatta,PER,0.9999765952428182
6,1227,1233,2,476,482,Giotto,PER,0.9999666213989258
6,1747,1754,3,112,119,Filippo,PER,0.9314818382263184
7,29,37,0,29,37,Florence,LOC,0.999595582485199
7,149,174,0,149,174,Brunellesco di Lippo Lapi,PER,0.9998839944601059
7,209,215,0,209,215,Cambio,PER,0.9999879598617554
7,311,328,0,311,328,Ventura Bacherini,PER,0.9994080662727356
7,338,349,1,8,19,Brunellesco,PER,0.9999336004257202
7,424,429,1,94,99,Spini,PER,0.7534505724906921
7,578,597,2,42,61,S . Michele Berteldi,LOC,0.99998539686203
7,619,636,2,83,100,Piazza degli Agli,LOC,0.9999878406524658
7,1228,1239,4,347,358,Brunellesco,PER,0.9999665021896362
7,1628,1635,6,36,43,Filippo,PER,0.999990701675415
7,1950,1959,7,168,177,S . Jacopo,PER,0.9990241527557373
7,1963,1970,7,181,188,Pistoia,LOC,0.9999626874923706
8,20,28,0,20,28,Florence,LOC,0.9999945163726807
8,493,507,1,43,57,Porta a Faenza,LOC,0.9999912679195404
8,518,537,1,68,87,Giuliano Bugiardini,PER,0.9999958872795105
8,730,736,2,82,88,Medici,PER,0.9990480542182922
8,743,762,2,95,114,Piazza di S . Marco,LOC,0.9999431868394216
8,823,831,2,175,183,Bertoldo,PER,0.9999754428863525
8,884,907,2,236,259,Michelagnolo Buonarroti,PER,0.9999588131904602
8,937,947,2,289,299,Buonarroti,PER,0.9999938011169434
8,971,983,2,323,335,Michelagnolo,PER,0.9999628067016602
8,1036,1044,2,388,396,Giuliano,PER,0.9999693632125854
8,1161,1169,3,13,21,Giuliano,PER,0.9999175071716309
8,1312,1322,3,164,174,Buonarroti,PER,0.9999855756759644
8,1480,1488,4,55,63,Giuliano,PER,0.9999895095825195
8,1656,1668,5,10,22,Michelagnolo,PER,0.9999810457229614
8,1823,1831,6,6,14,Giuliano,PER,0.9999532699584961
8,1917,1927,6,100,110,Buonarroti,PER,0.9999922513961792
8,1932,1940,6,115,123,Granacci,PER,0.9999828338623047
8,1948,1968,6,131,151,Domenico Ghirlandajo,PER,0.9999790191650391
8,2017,2033,6,200,216,S . Maria Novella,LOC,0.9919071942567825
9,0,8,0,0,8,Giuliano,PER,0.9997623562812805
9,38,53,0,38,53,Innocenzio Cibo,PER,0.9995299875736237
9,85,104,0,85,104,Raffaello da Urbino,PER,0.9999922513961792
9,139,147,0,139,147,Pope Leo,PER,0.999997079372406
9,158,175,0,158,175,Giulio de ' Medici,PER,0.9938835948705673
9,181,189,0,181,189,Cardinal,PER,0.9429539442062378
9,190,199,0,190,199,de ' Rossi,PER,0.99193408091863
9,226,235,0,226,235,de ' Rossi,PER,0.9999787410100301
9,268,272,0,268,272,Cibo,PER,0.9997872710227966
9,430,445,1,48,63,Cencio Guasconi,PER,0.9999812841415405
9,526,539,2,42,55,Baccio Valori,PER,0.9999919533729553
9,544,548,2,60,64,Olmo,LOC,0.5314028263092041
9,551,559,2,67,75,Castello,LOC,0.6665264815092087
10,769,784,3,29,44,Marco Calavrese,PER,0.9999940991401672
10,872,878,3,132,138,Naples,LOC,0.9999934434890747
10,1295,1300,5,0,5,Marco,PER,0.9999765157699585
10,1516,1522,6,54,60,Aversa,LOC,0.9999474287033081
10,1547,1553,6,85,91,Naples,LOC,0.9999936819076538
10,1622,1644,6,160,182,Church of S . Agostino,,0.999959131081899
10,1756,1768,6,294,306,S . Augustine,PER,0.9999963442484537
11,24,31,0,24,31,Niccola,PER,0.9999874830245972
11,69,87,0,69,87,Cola dalla Matrice,PER,0.9974947571754456
11,116,124,0,116,124,Calabria,LOC,0.9993529915809631
11,129,135,0,129,135,Ascoli,LOC,0.9999902248382568
11,144,150,0,144,150,Norcia,LOC,0.9999889135360718
11,393,399,1,104,110,Ascoli,LOC,0.9998663663864136
11,455,459,2,0,4,Cola,PER,0.9999920129776001
11,483,487,2,28,32,Rome,LOC,0.9999967813491821
11,533,539,2,78,84,Ascoli,LOC,0.9999817609786987
11,726,732,2,271,277,Ascoli,LOC,0.9999626874923706
11,749,762,2,294,307,Pope Paul III,PER,0.9999959468841553
11,1288,1294,4,192,198,Ascoli,PER,0.9779037237167358
11,1375,1379,5,79,83,Cola,PER,0.999982476234436
11,1463,1481,6,32,50,Alessandro Vitelli,PER,0.9999868273735046
11,1506,1513,6,75,82,Matrice,LOC,0.999876856803894
11,1532,1536,6,101,105,Cola,PER,0.9998910427093506
11,1557,1574,6,126,143,Città di Castello,LOC,0.9999883969624838
11,1695,1699,6,264,268,Cola,PER,0.9994246959686279
11,1731,1738,6,300,307,Matrice,,0.9043706059455872
12,6,15,0,6,15,Giorgione,PER,0.9999673366546631
12,20,29,0,20,29,Correggio,PER,0.9999723434448242
12,98,106,0,98,106,Lombardy,LOC,0.9998352527618408
12,108,115,0,108,115,Tuscany,LOC,0.9998878240585327
12,214,219,0,214,219,Piero,PER,0.9999908208847046
12,236,243,0,236,243,Lorenzo,PER,0.999980092048645
12,273,288,0,273,288,Cosimo Rosselli,PER,0.9999949336051941
12,322,337,0,322,337,Piero di Cosimo,PER,0.9999942382176717
12,599,604,2,0,5,Piero,PER,0.9999812841415405
12,731,737,2,132,138,Cosimo,PER,0.9999023675918579
12,1075,1081,3,142,148,Cosimo,PER,0.9999501705169678
12,1597,1603,6,22,28,Cosimo,PER,0.9989168643951416
12,1775,1780,6,200,205,Piero,PER,0.999476969242096
13,40,45,0,40,45,Piero,PER,0.9999402761459351
13,94,122,0,94,122,Church of the Servite Friars,,0.9999538660049438
13,131,152,0,131,152,Chapel of the Tedaldi,,0.9998255968093872
13,200,210,0,200,210,S . Filippo,PER,0.9805182814598083
13,674,693,1,216,235,John the Evangelist,PER,0.8387171626091003
13,1124,1129,3,203,208,Piero,PER,0.9999889135360718
13,1273,1284,4,102,113,S . Margaret,PER,0.9999905824661255
13,1759,1778,5,223,242,Giuliano de ' Medici,PER,0.9998708069324493
13,1999,2016,6,46,63,Cosimo de ' Medici,PER,0.9999665021896362
13,2061,2066,6,108,113,Piero,PER,0.9999630451202393
13,2240,2257,6,287,304,M. Cosimo Bartoli,PER,0.9999277591705322
13,2270,2281,6,317,328,S . Giovanni,LOC,0.9999542236328125
14,23,27,0,23,27,Rome,LOC,0.9999858140945435
14,83,102,0,83,102,Girolamo Siciolante,PER,0.9925189018249512
14,106,115,0,106,115,Sermoneta,LOC,0.9993240833282471
14,166,189,0,166,189,Life of Perino del Vaga,WORK,0.9978965024153391
14,244,250,0,244,250,Castel,,0.4241294264793396
14,251,260,0,251,260,S. Angelo,LOC,0.6745968461036682
14,420,428,1,39,47,Girolamo,PER,0.9972694516181946
14,551,571,1,170,190,Badia of S . Stefano,,0.9999676545461019
14,597,606,1,216,225,Sermoneta,LOC,0.9999896287918091
14,636,644,1,255,263,S . Peter,PER,0.9999658266703287
14,646,656,1,265,275,S. Stephen,PER,0.9999781250953674
14,662,681,1,281,300,S. John the Baptist,PER,0.9999823272228241
14,773,795,2,67,89,Church of S . Apostolo,,0.9999763170878092
14,800,804,2,94,98,Rome,LOC,0.999985933303833
14,945,949,3,12,16,Pace,,0.7202684283256531
14,986,991,3,53,58,Cesis,PER,0.9999001026153564
14,1119,1143,3,186,210,Nativity of Jesus Christ,WORK,0.910502627491951
14,1149,1170,3,216,237,Adoration of the Magi,WORK,0.9905910730361939
14,1176,1193,3,243,260,Flight into Egypt,WORK,0.9952063858509064
14,1203,1228,3,270,295,Massacre of the Innocents,WORK,0.998844051361084
14,1374,1382,4,47,55,Girolamo,PER,0.9801689386367798
14,1712,1715,5,19,22,the,,0.5139575004577637
14,1716,1743,5,23,50,Church of S . Maria de Anima,LOC,0.8116453886032104
14,1816,1843,5,123,150,Chapel of the Fugger family,LOC,0.9692740201950073
14,1856,1869,5,163,176,Giulio Romano,PER,0.9999743700027466
14,1927,1943,5,234,250,Life of Our Lady,WORK,0.999967622756958
14,1967,1992,6,22,47,S . Jacopo degli Spagnuoli,PER,0.7543046951293946
14,2106,2113,6,161,168,S. John,PER,0.9992702603340149
14,2233,2253,6,288,308,S. James the Apostle,PER,0.9999803900718689
14,2258,2279,6,313,334,S. Alfonso the Bishop,PER,0.9999920427799225
15,3,19,0,3,19,Jacopo del Conte,PER,0.9999912977218628
15,72,76,0,72,76,Rome,LOC,0.9999953508377075
15,198,204,1,5,11,Jacopo,PER,0.9991151690483093
15,447,451,1,254,258,Rome,LOC,0.9999841451644897
15,590,598,2,125,133,Pontiffs,PER,0.9948856234550476
15,625,638,2,160,173,Pope Paul III,PER,0.9999889930089315
15,729,734,2,264,269,Court,,0.9964589476585388
15,801,808,2,336,343,Colonna,PER,0.9999417066574097
15,820,826,2,355,361,Orsini,PER,0.8994336128234863
15,835,848,2,370,383,Piero Strozzi,PER,0.9999825954437256
15,1058,1062,2,593,597,Rome,LOC,0.9999114274978638
15,1474,1494,5,62,82,Church of the Popolo,,0.9999842882156372
15,1539,1560,5,127,148,Chapel of S . Dionigi,,0.9998873174190521
15,1564,1572,5,152,160,S . Luigi,LOC,0.9998095432917277
15,1751,1761,6,137,147,Florentine,,0.581198126077652
15,1770,1789,6,156,175,of the Misericordia,,0.5261246065298716
15,1899,1906,6,285,292,Madonna,PER,0.994382381439209
15,2052,2056,7,37,41,Rome,LOC,0.9999799728393555
15,2383,2387,8,125,129,Rome,LOC,0.9999923706054688
15,2445,2458,8,187,200,Livia Colonna,PER,0.9983656108379364
15,2571,2587,9,25,41,Jacopo del Conte,PER,0.9999969800313314
16,804,837,0,804,837,Giovanni da Santo Stefano a Ponte,PER,0.9772670467694601
16,841,849,0,841,849,Florence,LOC,0.9425418376922607
16,1171,1192,1,38,59,Buonamico Buffalmacco,PER,0.9998495280742645
16,1373,1384,1,240,251,Buffalmacco,PER,0.9996485710144043
16,1416,1437,1,283,304,Chapel of S . Lorenzo,LOC,0.999157577753067
16,1446,1461,1,313,328,Pieve of Empoli,LOC,0.999003067612648
16,1575,1581,1,442,448,Arezzo,LOC,0.9998001456260681
16,1688,1710,1,555,577,Assumption of Our Lady,WORK,0.9999590396881104
16,1726,1738,1,593,605,S . Francesco,LOC,0.9983668724695841
16,1846,1867,2,106,127,Chapel of S . Onofrio,LOC,0.9999090731143951
16,1895,1905,2,155,165,S . Antonio,LOC,0.9959845344225565
16,1985,1996,3,46,57,S . Giustina,LOC,0.7464001774787903
16,2004,2013,3,65,74,S . Matteo,LOC,0.6706052521864573
16,2242,2250,3,303,311,Giustina,LOC,0.6970817446708679
16,2500,2508,4,0,8,Giovanni,PER,0.9999599456787109
16,2529,2537,4,29,37,Florence,LOC,0.9999734163284302
16,2611,2630,4,111,130,Ponte a S . Trinita,LOC,0.9999814033508301
16,2723,2738,4,223,238,S . Michelagnolo,PER,0.9659915367762247
16,3007,3025,5,141,159,Giovanni dal Ponte,PER,0.9999941984812418
16,3030,3034,6,3,7,Pisa,LOC,0.9999808073043823
16,3134,3156,6,107,129,S . Paolo a Ripa d'Arno,,0.6666910847028097
17,0,8,0,0,8,Giovanni,PER,0.9995679259300232
17,26,45,0,26,45,Chapel of the Scali,LOC,0.9999748468399048
17,49,59,0,49,59,S . Trinita,LOC,0.9999537070592245
17,63,71,0,63,71,Florence,LOC,0.9999929666519165
17,131,138,0,131,138,S . Paul,PER,0.9998940030733744
17,205,210,0,205,210,Paolo,PER,0.9998856782913208
17,231,258,1,3,30,S. Stefano al Ponte Vecchio,LOC,0.9818692922592163
17,350,358,1,122,130,Florence,LOC,0.9999920129776001
18,166,182,0,166,182,Andrea del Sarto,PER,0.9999790986378988
18,338,344,0,338,344,Andrea,PER,0.9999692440032959
18,1363,1369,5,0,6,Andrea,PER,0.9999897480010986
18,1382,1390,5,19,27,Florence,LOC,0.9999959468841553
18,1481,1497,5,118,134,Andrea del Sarto,PER,0.9999905029932658
19,35,55,0,35,55,Convent of the Servi,LOC,0.9997691988945008
19,108,141,0,108,141,Fra Mariano dal Canto alla Macine,PER,0.987406979004542
19,199,205,0,199,205,Andrea,PER,0.9999535083770752
19,384,390,1,93,99,Andrea,PER,0.9999754428863525
19,721,740,2,50,69,Alesso Baldovinetti,PER,0.9999961256980896
19,755,773,2,84,102,Nativity of Christ,WORK,0.9998850673437119
19,835,847,2,164,176,Annunciation,WORK,0.9980272650718689
19,904,919,2,233,248,Cosimo Rosselli,PER,0.9999892711639404
19,941,951,2,270,280,S . Filippo,PER,0.9999347527821859
19,968,986,2,297,315,that Servite Order,,0.9999844630559286
19,1012,1018,3,4,10,Cosimo,PER,0.9999510049819946
19,1237,1243,4,102,108,Andrea,PER,0.9999932050704956
19,1248,1260,4,113,125,Franciabigio,PER,0.9999939203262329
19,1504,1510,6,33,39,Andrea,PER,0.9999833106994629
19,1930,1942,6,459,471,Franciabigio,PER,0.9999872446060181
19,2084,2090,7,35,41,Andrea,PER,0.9996886253356934
19,2197,2209,7,148,160,Franciabigio,PER,0.6707915663719177
19,2522,2532,8,118,128,S . Filippo,PER,0.9993502895037333
19,2620,2626,8,216,222,Andrea,PER,0.9999905824661255
20,523,540,1,34,51,Galasso Ferrarese,PER,0.9998585283756256
20,554,584,1,65,95,Piero dal Borgo a San Sepolcro,PER,0.9993679424126943
20,601,608,1,112,119,Duke of,PER,0.7390109896659851
20,609,616,1,120,127,Ferrara,LOC,0.778530478477478
20,681,688,1,192,199,Ferrara,LOC,0.6686041355133057
20,740,745,1,251,256,Piero,PER,0.9999656677246094
20,850,857,1,361,368,Ferrara,PER,0.9998838901519775
20,944,950,2,85,91,Venice,LOC,0.999991774559021
20,1153,1160,2,294,301,Ferrara,LOC,0.9999551773071289
20,1183,1190,3,21,28,Bologna,LOC,0.9999890327453613
20,1275,1286,3,113,124,S . Domenico,LOC,0.9999757210413615
20,1390,1408,4,49,67,S . Maria del Monte,LOC,0.9997527480125428
20,1445,1452,4,104,111,Bologna,LOC,0.9999457597732544
20,1464,1484,4,123,143,Porta di S . Mammolo,LOC,0.9999741315841675
20,1514,1527,4,173,186,Casa di Mezzo,LOC,0.999952644109726
20,1642,1655,4,301,314,Old Testament,WORK,0.9997858007748922
21,41,48,0,41,48,Ferrara,LOC,0.9996459484100342
21,104,115,1,54,65,S . Domenico,LOC,0.8683114449183146
21,184,189,1,134,139,Duomo,LOC,0.9999382495880127
22,1088,1108,3,123,143,Antonio da San Gallo,PER,0.9999759495258331
22,1142,1153,3,177,188,Life of him,WORK,0.9999648630619049
22,1182,1189,4,0,7,Antonio,PER,0.9998375177383423
22,1212,1231,4,30,49,Bartolommeo Picconi,PER,0.999873161315918
22,1235,1242,4,53,60,Mugello,LOC,0.9997372031211853
22,1346,1367,4,164,185,Giuliano da San Gallo,PER,0.9999826550483704
22,1384,1388,4,202,206,Rome,LOC,0.9999489784240723
22,1417,1424,4,235,242,Antonio,PER,0.9999630451202393
22,1442,1450,4,260,268,Florence,LOC,0.9999895095825195
22,1681,1686,5,215,220,Italy,LOC,0.9400619268417358
22,1776,1784,6,21,29,Giuliano,PER,0.999981164932251
22,1856,1864,6,101,109,Florence,PER,0.8684599995613098
22,1870,1877,6,115,122,Antonio,PER,0.999966025352478
22,1916,1942,6,161,187,Bramante of Castel Durante,PER,0.9967160373926163
23,16,28,0,16,28,Pope Paul II,PER,0.9999798933664957
23,34,65,0,34,65,Church of the Madonna of Loreto,,0.9998228635106768
23,270,288,0,270,288,Giuliano da Maiano,PER,0.9999655485153198
23,356,365,0,356,365,Sixtus IV,PER,0.9999890327453613
23,430,437,0,430,437,Clement,PER,0.9986159801483154
23,720,727,1,10,17,Antonio,PER,0.9999605417251587
23,749,761,1,39,51,Pope Clement,PER,0.9999576210975647
23,823,829,1,113,119,Loreto,LOC,0.4235069453716278
23,1687,1694,3,63,70,Antonio,PER,0.9999927282333374
23,2187,2194,3,563,570,Antonio,PER,0.9999905824661255
24,680,721,1,64,105,Lives of the Painters and other Craftsmen,WORK,0.9999714940786362
24,800,812,1,184,196,Fra Giocondo,PER,0.9821493625640869
24,816,822,1,200,206,Verona,LOC,0.9994410872459412
24,1093,1099,1,477,483,Verona,LOC,0.9995049238204956
24,1465,1477,3,74,86,Fra Giocondo,PER,0.8694316446781158
24,1556,1564,4,77,85,Giocondo,PER,0.5714626908302307
24,1570,1591,4,91,112,Fra Giovanni Giocondo,PER,0.914184033870697
24,1606,1614,5,13,21,Giovanni,PER,0.9991253018379211
24,1959,1964,6,249,254,Italy,LOC,0.9998599290847778
24,2075,2083,6,365,373,Scaliger,PER,0.9995654225349426
24,2115,2121,6,405,411,Cardan,PER,0.9998868703842163
24,2139,2143,6,429,433,Budé,PER,0.9999675750732422
24,2157,2164,6,447,454,De Asse,WORK,0.995547354221344
25,43,46,0,43,46,Fra,PER,0.6210706830024719
25,47,55,0,47,55,Giocondo,PER,0.9874864816665649
25,252,270,1,38,56,Republic of Venice,LOC,0.999994307756424
25,847,859,3,24,36,Fra Giocondo,PER,0.9999261498451233
25,1197,1205,4,66,74,Giocondo,PER,0.9766315817832947
25,1296,1301,4,165,170,Italy,LOC,0.9999533891677856
25,1372,1375,4,241,244,Fra,PER,0.923329770565033
25,1376,1384,4,245,253,Giocondo,PER,0.647464394569397
25,1588,1600,5,150,162,River Brenta,,0.9999860922495524
25,1682,1690,5,244,252,Chioggia,LOC,0.9999954700469971
25,1751,1757,5,313,319,Venice,LOC,0.9999963045120239
25,1835,1843,5,397,405,Chioggia,LOC,0.9999949932098389
25,2029,2035,5,591,597,Venice,LOC,0.9999945163726807
25,2126,2139,6,89,102,Luigi Cornaro,PER,0.9999735355377197
25,2273,2281,6,236,244,Giocondo,PER,0.9999202489852905
25,2336,2344,6,299,307,Chioggia,,0.9998691082000732
25,2410,2416,6,373,379,Venice,LOC,0.9999951124191284
25,2493,2498,7,16,21,Luigi,PER,0.9999836683273315
25,2532,2544,7,55,67,Fra Giocondo,PER,0.9943134188652039
25,2630,2636,7,153,159,Venice,LOC,0.9999892711639404
25,2697,2709,7,220,232,Fra Giocondo,PER,0.9998430013656616
25,2790,2796,7,313,319,Venice,LOC,0.9999921321868896
25,3161,3167,7,684,690,Venice,LOC,0.9999855756759644
26,263,269,0,263,269,Giotto,PER,0.9999297857284546
26,282,290,0,282,290,Florence,LOC,0.9999833106994629
26,711,717,1,106,112,Giotto,PER,0.999886155128479
26,915,925,2,50,60,Vespignano,LOC,0.999947190284729
26,946,954,2,81,89,Florence,LOC,0.9999949932098389
26,1033,1040,2,168,175,Bondone,PER,0.9999500513076782
26,1134,1140,3,50,56,Giotto,PER,0.9999797344207764
26,1464,1471,4,4,11,Bondone,PER,0.9999723434448242
26,1789,1796,5,10,17,Cimabue,PER,0.999993085861206
26,1845,1853,5,66,74,Florence,LOC,0.9999921321868896
26,1857,1867,5,78,88,Vespignano,LOC,0.9998390674591064
26,1875,1881,5,96,102,Giotto,PER,0.9999860525131226
26,2094,2101,5,315,322,Cimabue,PER,0.9999940395355225
27,30,57,0,30,57,Guido Tarlati da Pietramala,PER,0.9997994899749756
27,78,84,0,78,84,Arezzo,LOC,0.9999120235443115
27,94,110,0,94,110,Massa di Maremma,LOC,0.9999015132586161
27,129,134,0,129,134,Lucca,LOC,0.999992847442627
27,167,174,0,167,174,Emperor,PER,0.8810400366783142
27,215,221,0,215,221,Arezzo,LOC,0.9999809265136719
27,284,297,0,284,297,Piero Saccone,PER,0.9999912977218628
27,302,321,0,302,321,Dolfo da Pietramala,PER,0.9999841054280599
27,342,348,0,342,348,Bishop,PER,0.6177627444267273
27,542,549,0,542,549,Tuscany,LOC,0.999992847442627
27,580,586,1,29,35,Giotto,PER,0.9999678134918213
27,862,867,1,311,316,Italy,LOC,0.9996128678321838
27,919,925,2,0,6,Giotto,PER,0.9999923706054688
27,1093,1106,3,21,34,Piero Saccone,PER,0.9998704195022583
27,1166,1186,3,94,114,Borgo a San Sepolcro,,0.9795394539833069
27,1264,1270,3,192,198,Arezzo,LOC,0.9999418258666992
27,1314,1320,3,242,248,Giotto,PER,0.9999688863754272
27,1359,1371,3,287,299,Baccio Gondi,PER,0.999939501285553
27,1385,1393,3,313,321,Florence,LOC,0.9999918937683105
27,1464,1470,3,392,398,Arezzo,LOC,0.9999194145202637
27,1568,1576,3,496,504,Florence,LOC,0.9999376535415649
27,1686,1692,3,614,620,Giotto,PER,0.9999659061431885
27,1803,1825,4,46,68,Hermitage of Camaldoli,LOC,0.9994576722383499
27,1957,1972,4,200,215,Antonio da Pisa,PER,0.9933513800303141
27,1994,2019,4,237,262,Congregation of Camaldoli,,0.9999585151672363
27,2092,2098,4,335,341,Giotto,PER,0.9999489784240723
27,2179,2192,4,422,435,Silvano Razzi,PER,0.9968115091323853
27,2202,2211,4,445,454,Camaldoli,LOC,0.9999470710754395
27,2263,2286,4,506,529,Monastery of the Angeli,,0.9999643325805664
27,2333,2339,4,576,582,Giotto,PER,0.9999874830245972
27,2392,2411,4,635,654,Raffaello da Urbino,PER,0.9998588363329569
28,511,529,1,0,18,Francesco Granacci,PER,0.999976396560669
28,615,633,1,104,122,Lorenzo de ' Medici,PER,0.9999013394117355
28,731,743,1,220,232,Michelagnolo,PER,0.9999655485153198
28,975,987,1,464,476,Michelagnolo,PER,0.9999206066131592
28,1221,1229,1,710,718,Granacci,PER,0.9999598264694214
28,1296,1316,2,65,85,Domenico Ghirlandajo,PER,0.9999844431877136
28,1339,1347,2,108,116,Granacci,PER,0.9999909400939941
28,1387,1398,2,156,167,Ghirlandajo,PER,0.9999816417694092
28,1505,1510,2,274,279,David,PER,0.9999884366989136
28,1515,1536,2,284,305,Benedetto Ghirlandajo,PER,0.9999971985816956
28,1554,1562,2,323,331,Domenico,PER,0.9999892711639404
28,1611,1627,2,380,396,S . Maria Novella,LOC,0.9954789876937866
28,1686,1694,2,455,463,Domenico,PER,0.9999915361404419
28,1709,1717,3,13,21,Granacci,PER,0.9999516010284424
28,2036,2044,4,143,151,Carnival,,0.9982774257659912
28,2092,2110,4,199,217,Lorenzo de ' Medici,PER,0.9943140894174576
28,2369,2377,5,65,73,Granacci,PER,0.9999923706054688
28,2512,2530,6,47,65,Lorenzo de ' Medici,PER,0.9999706745147705
28,2667,2675,6,202,210,Florence,LOC,0.9999657869338989
29,3,20,0,3,20,Florence Granacci,PER,0.9887602925300598
29,33,58,0,33,58,Pier Francesco Borgherini,PER,0.9999945958455404
29,140,158,0,140,158,Jacopo da Pontormo,PER,0.9999852180480957
29,160,176,0,160,176,Andrea del Sarto,PER,0.9999895493189493
29,182,200,0,182,200,Francesco Ubertini,PER,0.9994024634361267
29,243,249,0,243,249,Joseph,PER,0.9999241828918457
29,254,270,0,254,270,Pier Francesco 's,PER,0.9997567931811014
29,280,300,0,280,300,Borgo Sant ' Apostolo,LOC,0.9551483243703842
29,373,379,0,373,379,Joseph,PER,0.9999885559082031
29,513,519,0,513,519,Joseph,PER,0.9910344481468201
29,744,772,2,10,38,Church of S . Piero Maggiore,,0.9999752725873675
29,849,855,2,115,121,Thomas,PER,0.5092442631721497
29,913,922,3,14,23,S . Thomas,PER,0.9999969800313314
29,1007,1019,3,108,120,Michelagnolo,PER,0.999944806098938
29,1107,1115,4,49,57,Granacci,PER,0.9999927282333374
29,1216,1223,5,46,53,S . Paul,PER,0.9999638001124064
29,1225,1236,5,55,66,S. Laurence,PER,0.9999470710754395
29,1238,1246,5,68,76,S. James,PER,0.9999674558639526
29,1252,1259,5,82,89,S. John,PER,0.9999761581420898
29,1330,1339,5,160,169,Francesco,PER,0.9999771118164062
30,0,6,0,0,6,Jacopo,PER,0.9998970031738281
30,47,71,0,47,71,Domenico del Ghirlandajo,PER,0.9998126029968262
30,91,95,0,91,95,Rome,LOC,0.999650239944458
30,101,113,0,101,113,Pinturicchio,PER,0.9999552965164185
30,658,670,2,32,44,Michelagnolo,PER,0.9999253749847412
30,935,941,3,0,6,Jacopo,PER,0.9997723698616028
30,967,971,3,32,36,Rome,LOC,0.9991979002952576
30,1020,1024,3,85,89,Rome,LOC,0.9997749924659729
30,1129,1151,4,82,104,Church of S . Agostino,,0.9999948143959045
30,1621,1628,6,7,14,Trinità,LOC,0.9795325398445129
30,1632,1636,6,18,22,Rome,LOC,0.9999896287918091
30,1694,1716,6,80,102,Coronation of Our Lady,WORK,0.9905697584152222
31,11,17,0,11,17,Jacopo,PER,0.999931812286377
31,70,79,0,70,79,Francesco,PER,0.9999439716339111
31,119,127,0,119,127,L'Indaco,PER,0.9707244038581848
31,226,232,1,18,24,Jacopo,PER,0.9999574422836304
31,349,355,1,141,147,Jacopo,PER,0.9999732971191406
31,491,504,2,49,62,Montepulciano,LOC,0.9997848868370056
31,566,582,2,124,140,Audience Chamber,LOC,0.9999413092931112
31,590,613,2,148,171,Company of the Nunziata,,0.9999873638153076
31,617,623,2,175,181,Arezzo,LOC,0.9999910593032837
31,639,651,2,197,209,Annunciation,WORK,0.9992448091506958
31,789,799,3,54,64,Alessandro,PER,0.9960933327674866
31,901,921,3,166,186,Palazzo de ' Signori,LOC,0.999961519241333
31,1147,1151,4,27,31,Rome,LOC,0.9999867677688599
31,1181,1190,4,61,70,Charles V,PER,0.9995083510875702
31,1298,1309,4,178,189,Campidoglio,LOC,0.9995061159133911
31,1484,1494,5,148,158,Margherita,PER,0.9107558727264404
31,1498,1505,5,162,169,Austria,LOC,0.8452457189559937
31,1513,1533,5,177,197,Palace of the Medici,LOC,0.9993930220603943
31,1537,1541,5,201,205,Rome,LOC,0.9999897480010986
31,1699,1707,5,363,371,L'Indaco,PER,0.9896321296691895
32,1372,1392,3,512,532,Leon Batista Alberti,PER,0.9999340772628784
32,1418,1423,3,558,563,Latin,,0.9974053502082825
32,2200,2212,5,37,49,Leon Batista,PER,0.9999982118606567
32,2294,2302,6,18,26,Florence,LOC,0.9999810457229614
32,2335,2342,6,59,66,Alberti,PER,0.9995788931846619
33,20,36,0,20,36,Lodovico Gonzaga,PER,0.9996155202388763
33,49,55,0,49,55,Mantua,LOC,0.9997275471687317
33,117,125,0,117,125,Nunziata,LOC,0.9841530919075012
33,131,150,0,131,150,Church of the Servi,,0.998737120628357
33,154,162,0,154,162,Florence,LOC,0.9999902248382568
33,194,206,0,194,206,Leon Batista,PER,0.9999871253967285
33,1100,1112,2,35,47,Leon Batista,PER,0.9999977946281433
33,1619,1631,4,5,17,Leon Batista,PER,0.9999462763468424
33,2003,2015,5,128,140,Leon Batista,PER,0.9999955892562866
33,2120,2128,6,40,48,Lodovico,PER,0.8626144528388977
33,2132,2138,6,52,58,Mantua,LOC,0.999028205871582
33,2140,2152,6,60,72,Leon Batista,PER,0.9999887347221375
33,2183,2203,6,103,123,Church of S . Andrea,,0.9999894499778748
33,2258,2264,6,178,184,Mantua,LOC,0.9999915361404419
33,2268,2273,6,188,193,Padua,LOC,0.9999856948852539
33,2366,2378,7,34,46,Leon Batista,PER,0.9999902844429016
33,2410,2428,7,78,96,Salvestro Fancelli,PER,0.9998867213726044
33,2471,2479,7,139,147,Florence,LOC,0.9999788999557495
33,2522,2534,7,190,202,Leon Batista,PER,0.9999877214431763
33,2622,2630,7,290,298,Florence,LOC,0.9998941421508789
34,87,93,0,87,93,Giotto,PER,0.9999747276306152
34,2054,2059,2,316,321,Italy,LOC,0.9999569654464722
34,2082,2090,2,344,352,Florence,LOC,0.999991774559021
34,2303,2312,3,35,44,Casentino,LOC,0.999619722366333
34,2403,2441,3,135,173,Lodovico di Leonardo Buonarroti Simoni,PER,0.9999909639358521
34,2531,2538,3,263,270,Canossa,LOC,0.9986481070518494
34,2548,2556,4,8,16,Lodovico,PER,0.9313198328018188
34,2613,2619,4,73,79,Chiusi,LOC,0.9999468326568604
34,2624,2631,4,84,91,Caprese,LOC,0.9877051115036011
34,2642,2660,4,102,120,Sasso della Vernia,,0.9975992441177368
34,2668,2678,4,128,138,S . Francis,PER,0.9986031850179037
34,2692,2700,4,152,160,Stigmata,WORK,0.5706777572631836
34,2720,2726,4,180,186,Arezzo,LOC,0.9999336004257202
34,2840,2852,4,300,312,Michelagnolo,PER,0.9992715716362
34,3096,3103,4,556,563,Mercury,,0.7248346209526062
34,3108,3113,4,568,573,Venus,,0.9444962739944458
34,3137,3144,4,597,604,Jupiter,,0.9932147264480591
34,3323,3330,5,30,37,Podestà,PER,0.9951180219650269
34,3332,3340,5,39,47,Lodovico,PER,0.9999947547912598
34,3353,3361,5,60,68,Florence,LOC,0.9999895095825195
34,3392,3402,5,99,109,Settignano,LOC,0.9999685287475586
35,12,24,0,12,24,Michelagnolo,PER,0.9999843835830688
35,43,48,0,43,48,Pietà,WORK,0.9021767377853394
35,71,76,0,71,76,Giant,WORK,0.4858366847038269
35,80,88,0,80,88,Florence,LOC,0.998789370059967
35,152,169,0,152,169,Pope Alexander VI,PER,0.999975323677063
35,186,195,0,186,195,Julius II,PER,0.9999478459358215
35,231,243,0,231,243,Michelagnolo,PER,0.999961256980896
35,322,331,0,322,331,Julius II,PER,0.9999822974205017
35,594,598,2,16,20,Pope,PER,0.999970555305481
35,697,709,2,119,131,Michelagnolo,PER,0.9999827146530151
35,850,861,3,10,21,Pope Julius,PER,0.9999895095825195
35,926,946,3,86,106,Church of S . Pietro,,0.9992243846257528
35,950,954,3,110,114,Rome,LOC,0.9999954700469971
35,1035,1047,4,7,19,Michelagnolo,PER,0.999992847442627
35,1123,1130,4,95,102,Carrara,LOC,0.9994239807128906
35,1229,1246,4,201,218,Alamanno Salviati,PER,0.9992824494838715
35,1250,1258,4,222,230,Florence,LOC,0.9999709129333496
35,1665,1669,6,129,133,Rome,LOC,0.9999479055404663
35,1698,1717,6,162,181,Piazza di S . Pietro,LOC,0.9388057231903076
35,1731,1742,6,195,206,S . Caterina,LOC,0.9994676113128662
35,1801,1809,6,265,273,Castello,LOC,0.9978773593902588
35,1825,1837,7,14,26,Michelagnolo,PER,0.9999918937683105
35,1937,1941,7,126,130,Pope,PER,0.9994415640830994
36,0,24,0,0,24,Nanni d'Antonio di Banco,PER,0.999993622303009
36,683,691,2,25,33,Florence,LOC,0.9999923706054688
36,696,706,2,38,48,S . Philip,PER,0.9780826419591904
36,762,785,2,104,127,Oratory of Orsanmichele,LOC,0.9999690353870392
36,822,828,3,35,41,Donato,PER,0.999983549118042
36,836,855,3,49,68,Guild of Shoemakers,,0.9999899864196777
36,964,970,3,177,183,Donato,PER,0.9999152421951294
36,975,980,3,188,193,Nanni,PER,0.9999884366989136
36,1219,1225,4,141,147,Donato,PER,0.9997803568840027
36,1315,1321,4,237,243,Donato,PER,0.999966025352478
36,1516,1522,4,438,444,Donato,PER,0.9999682903289795
36,1563,1568,4,485,490,Nanni,PER,0.9999915361404419
36,1696,1702,5,90,96,Donato,PER,0.9999756813049316
37,27,33,0,27,33,S . Lo,PER,0.6146841868758202
37,60,83,0,60,83,Oratory of Orsanmichele,WORK,0.9999887545903524
37,112,129,0,112,129,Guild of Farriers,,0.9999685883522034
37,158,163,0,158,163,Nanni,PER,0.9999936819076538
37,257,262,0,257,262,S . Lo,PER,0.9999916553497314
37,324,329,0,324,329,Nanni,PER,0.9999886751174927
37,531,536,1,44,49,Nanni,PER,0.9999719858169556
37,639,647,1,152,160,Florence,LOC,0.9999833106994629
38,732,737,2,0,5,Palma,PER,0.9999620914459229
38,924,930,3,20,26,Venice,LOC,0.9999902248382568
38,1220,1230,4,39,49,S . Antonio,PER,0.6505991816520691
38,1237,1245,4,56,64,Castello,LOC,0.9999881982803345
38,1250,1256,4,69,75,Venice,LOC,0.9999938011169434
38,1274,1275,4,93,94,S,PER,0.6434412002563477
38,1275,1282,4,94,101,. Elena,,0.8271898627281189
38,1293,1297,4,112,116,Lido,LOC,0.5856971144676208
38,1309,1331,4,128,150,Monks of Monte Oliveto,,0.999986720085144
39,25,32,0,25,32,Romagna,LOC,0.9999736547470093
39,68,78,0,68,78,Rondinello,PER,0.9999855756759644
39,123,147,0,123,147,Life of Giovanni Bellini,WORK,0.9999858856201171
39,210,220,1,5,15,Rondinello,PER,0.99967360496521
39,236,252,1,31,47,Giovanni Bellini,PER,0.9999905228614807
39,430,435,1,225,230,Duomo,LOC,0.9997277855873108
39,439,444,1,234,239,Forlì,LOC,0.9999914169311523
39,737,746,2,172,181,S . Helena,PER,0.9229065974553426
39,851,863,3,35,47,S . Sebastian,PER,0.999987800916036
39,940,958,4,17,35,S . Maria Maddalena,PER,0.9999767243862152
39,967,972,4,44,49,Duomo,LOC,0.9994539618492126
39,976,983,4,53,60,Ravenna,LOC,0.9999874830245972
39,1385,1408,6,4,27,S. Giovanni Evangelista,PER,0.9999719460805258
39,1536,1546,6,155,165,S. Cantius,PER,0.9877893626689911
39,1548,1560,6,167,179,S. Cantianus,PER,0.9971128404140472
39,1566,1580,6,185,199,S. Cantianilla,PER,0.9485019147396088
39,1610,1623,7,3,16,S. Apollinare,LOC,0.9966069161891937
39,1706,1725,7,99,118,S. John the Baptist,PER,0.9999799728393555
39,1731,1743,7,124,136,S. Sebastian,PER,0.9999838471412659
39,1756,1783,8,11,38,Church of the Spirito Santo,,0.9261123736699423
39,1912,1924,9,4,16,S. Francesco,PER,0.8684189021587372
39,1974,1986,9,66,78,S . Catharine,PER,0.999962051709493
39,1991,2001,9,83,93,S. Francis,PER,0.9999836683273315
39,2020,2054,9,112,146,Our Lady with S . James the Apostle,WORK,0.9984627366065979
39,2056,2066,9,148,158,S. Francis,PER,0.9999663233757019
39,2090,2101,10,4,15,S. Domenico,,0.9837595820426941
39,2178,2185,10,92,99,Madonna,PER,0.9109413027763367
39,2325,2346,11,11,32,Church of S . Niccolò,,0.9999915560086569
39,2361,2383,11,47,69,Friars of S . Augustine,,0.9999850034713745
39,2415,2426,11,101,112,S . Laurence,PER,0.9995249509811401
39,2431,2441,11,117,127,S. Francis,PER,0.9978515803813934
39,2556,2563,12,113,120,Ravenna,LOC,0.9999923706054688
39,2583,2590,12,140,147,Romagna,LOC,0.9997921586036682
39,2592,2602,13,0,10,Rondinello,PER,0.999997615814209
39,2648,2660,13,56,68,S . Francesco,LOC,0.9995714823404948
39,2664,2671,13,72,79,Ravenna,LOC,0.9999951124191284
40,0,26,0,0,26,Parri di Spinello Spinelli,PER,0.9999766647815704
40,39,45,0,39,45,Arezzo,LOC,0.9999774694442749
40,125,133,0,125,133,Florence,LOC,0.9999686479568481
40,158,172,0,158,172,Leonardo Bruni,PER,0.9999369978904724
40,176,182,0,176,182,Arezzo,LOC,0.9999532699584961
40,204,220,0,204,220,Lorenzo Ghiberti,PER,0.999973475933075
40,318,329,0,318,329,S . Giovanni,LOC,0.9999547004699707
40,516,536,1,55,75,Masolino da Panicale,PER,0.9998120864232382
40,677,697,1,216,236,Lorenzo degli Angeli,PER,0.9873671332995096
40,699,704,2,0,5,Parri,PER,0.999984860420227
40,1526,1532,4,256,262,Giotto,PER,0.9999786615371704
40,1569,1574,5,0,5,Parri,PER,0.9999827146530151
40,2189,2194,6,0,5,Parri,PER,0.9999943971633911
40,2315,2321,6,126,132,Arezzo,LOC,0.9996147155761719
41,11,27,0,11,27,Audience Chamber,LOC,0.9999426603317261
41,34,76,0,34,76,Fraternity of S . Maria della Misericordia,,0.9998545274138451
41,78,83,0,78,83,Parri,PER,0.9999934434890747
41,94,101,0,94,101,Madonna,PER,0.9990279674530029
41,141,147,0,141,147,Arezzo,LOC,0.9996378421783447
41,293,300,0,293,300,Braccio,PER,0.9999635219573975
41,348,361,0,348,361,Lazzaro Ricco,PER,0.9999906420707703
41,567,574,1,20,27,Madonna,PER,0.9999803304672241
41,578,597,1,31,50,S . Gregory the Pope,PER,0.9999947309494018
41,616,626,1,69,79,S . Donatus,PER,0.9999735752741495
41,666,672,1,119,125,Arezzo,LOC,0.9966172575950623
41,710,720,2,36,46,Fraternity,,0.9982511401176453
41,763,768,2,89,94,Parri,PER,0.9999836683273315
41,822,829,2,148,155,Madonna,PER,0.713134229183197
41,835,838,2,161,164,the,WORK,0.8978868722915649
41,942,955,2,268,281,S . Laurentino,PER,0.9999713897705078
41,960,973,2,286,299,S. Pergentino,PER,0.9999793171882629
41,1132,1139,3,137,144,Company,,0.9997147917747498
41,1250,1257,3,255,262,Forzore,PER,0.9999898672103882
41,1270,1275,3,275,280,Parri,PER,0.9999948740005493
41,1429,1432,4,108,111,the,,0.5306543707847595
41,1433,1438,4,112,117,Canto,LOC,0.5795779824256897
41,1439,1449,4,118,128,alla Croce,,0.6640987396240234
41,1757,1768,6,3,14,Borgo Piano,LOC,0.8162995278835297
41,1836,1841,6,82,87,Parri,PER,0.9999934434890747
41,1862,1874,6,108,120,Annunciation,WORK,0.9987789988517761
41,1917,1928,6,163,174,S . Agostino,LOC,0.981711765130361
41,1938,1963,6,184,209,Company of the Puraccioli,,0.9975517392158508
41,2011,2023,6,257,269,S . Catherine,PER,0.9999542633692423
41,2051,2069,7,7,25,Church of Muriello,,0.9999698102474213
41,2089,2113,7,45,69,Fraternity of the Clerks,,0.9999905824661255
41,2127,2145,7,83,101,S . Mary Magdalene,WORK,0.9962873458862305
41,2174,2185,7,130,141,S . Domenico,LOC,0.9997892379760742
41,2266,2287,7,222,243,Chapel of S . Niccolò,LOC,0.999931404987971
41,2312,2320,7,268,276,Crucifix,WORK,0.8074544072151184
41,2429,2440,8,38,49,S . Nicholas,PER,0.9999860922495524
42,309,335,0,309,335,Raffaello Sanzio da Urbino,PER,0.9999860525131226
42,758,781,1,80,103,Michelagnolo Buonarroti,PER,0.9999942779541016
42,815,824,1,137,146,Raffaello,PER,0.9999715089797974
42,1307,1316,2,450,459,Raffaello,PER,0.999981164932251
42,1679,1698,3,114,133,Raffaello da Urbino,PER,0.9997060298919678
42,1989,1998,4,0,9,Raffaello,PER,0.9999668598175049
42,2011,2017,4,22,28,Urbino,LOC,0.999995231628418
42,2041,2046,4,52,57,Italy,LOC,0.9999748468399048
42,2130,2148,4,141,159,Giovanni de ' Santi,PER,0.9999642074108124
42,2365,2373,5,10,18,Giovanni,PER,0.9999492168426514
42,2495,2504,5,140,149,Raffaello,PER,0.9999897480010986
43,12,25,0,12,25,Lorenzo Pucci,PER,0.9912259876728058
43,94,103,0,94,103,Raffaello,PER,0.9999624490737915
43,163,183,0,163,183,S . Giovanni in Monte,LOC,0.8453072428703308
43,187,194,0,187,194,Bologna,LOC,0.9999123811721802
43,258,283,0,258,283,Blessed Elena dall ' Olio,PER,0.9972467422485352
43,401,410,0,401,410,Raffaello,PER,0.9999940395355225
43,422,433,1,10,21,S . Cecilia,PER,0.9988135397434235
43,922,930,3,8,16,S . Paul,PER,0.9997370690107346
43,1297,1314,5,14,31,S . Mary Magdalene,PER,0.9999758899211884
43,1711,1720,7,68,77,Raffaello,PER,0.9999889135360718
43,2035,2040,8,55,60,Latin,,0.9993807077407837
44,760,765,3,0,5,David,PER,0.999992847442627
44,770,791,3,10,31,Benedetto Ghirlandajo,PER,0.9999921321868896
44,865,873,3,105,113,Domenico,PER,0.9999958276748657
44,1032,1041,3,272,281,Benedetto,PER,0.9999960660934448
44,1151,1156,4,0,5,David,PER,0.9696120023727417
44,1187,1195,4,36,44,Domenico,PER,0.9999653100967407
44,1300,1309,4,149,158,Benedetto,PER,0.9998424053192139
44,1331,1339,4,180,188,Domenico,PER,0.999968409538269
44,1396,1412,4,245,261,S . Maria Novella,LOC,0.9960377365350723
44,1500,1508,4,349,357,Domenico,PER,0.9999895095825195
44,1550,1559,4,399,408,Niccolaio,PER,0.999981164932251
44,1611,1621,4,460,470,S . Stephen,PER,0.9999648332595825
44,1658,1676,4,507,525,Francesco Granacci,PER,0.9992714524269104
44,1678,1697,4,527,546,Jacopo del Tedesco,PER,0.9999934434890747
44,1703,1712,4,552,561,Benedetto,PER,0.9999825954437256
44,1737,1748,4,586,597,S . Antonino,PER,0.9985857407251993
44,1764,1772,4,613,621,Florence,LOC,0.9065676331520081
44,1778,1799,4,627,648,S. Catharine of Siena,PER,0.9998889416456223
44,1838,1846,5,37,45,S . Lucia,PER,0.9998309016227722
44,2047,2053,6,35,41,France,LOC,0.9999291896820068
44,2096,2105,6,84,93,Benedetto,PER,0.9999887943267822
44,2118,2126,6,106,114,Florence,LOC,0.9992398023605347
45,34,41,0,34,41,Ridolfo,PER,0.9894188642501831
45,60,76,0,60,76,Lorenzo di Credi,PER,0.9978033105532328
45,96,115,0,96,115,Andrea del Ceraiolo,PER,0.9990197022755941
45,124,131,0,124,131,Michele,PER,0.9999693632125854
45,231,238,1,5,12,Michele,PER,0.9996663331985474
45,270,277,1,44,51,Ridolfo,PER,0.9999933242797852
45,458,465,2,0,7,Michele,PER,0.999990701675415
45,478,485,2,20,27,Ridolfo,PER,0.999991774559021
45,579,586,2,121,128,Ridolfo,PER,0.9999861717224121
45,645,663,2,187,205,Michele di Ridolfo,PER,0.9999827146530151
45,775,795,4,14,34,Church of S . Felice,,0.9999893109003702
45,799,805,4,38,44,Piazza,LOC,0.9973896145820618
45,837,855,4,76,94,Monks of Camaldoli,,0.9999729692935944
45,899,907,4,138,146,Our Lady,PER,0.7755030691623688
45,1011,1022,5,3,14,S. Felicita,LOC,0.9984554350376129
45,1110,1137,5,102,129,Dead Christ with the Maries,WORK,0.9989188214143118
45,1160,1182,5,152,174,Assumption of Our Lady,WORK,0.9987622976303101
45,1189,1200,5,181,192,some Saints,WORK,0.8787926435470581
45,1209,1254,6,7,52,Church of the Nuns of S . Jacopo delle Murate,,0.9998311671343717
45,1316,1322,6,114,120,Bonafè,PER,0.9884814023971558
45,1326,1333,6,124,131,Cortona,LOC,0.9998486042022705
45,1347,1376,6,145,174,Convent of the Nuns of Ripoli,,0.9998337881905692
45,1420,1426,6,218,224,Saints,WORK,0.5614395141601562
45,1436,1455,7,8,27,Chapel of the Segni,,0.9719313621520996
45,1479,1500,7,51,72,Church of S . Spirito,,0.9992673794428507
45,1557,1561,7,129,133,Anne,PER,0.5880069136619568
45,1594,1613,7,166,185,Company of the Neri,,0.9999720573425293
45,1644,1663,7,216,235,S . John the Baptist,PER,0.9995166063308716
45,1677,1686,7,249,258,Monachine,,0.5066091418266296
45,1690,1705,7,262,277,Borgo S. Friano,LOC,0.9998009403546652
45,1770,1778,8,28,36,S . Rocco,PER,0.679895301659902
45,1782,1787,8,40,45,Prato,PER,0.44112175703048706
45,1802,1810,8,60,68,S . Rocco,PER,0.9995306730270386
45,1812,1824,8,70,82,S. Sebastian,PER,0.9997641444206238
45,1843,1851,8,101,109,Our Lady,WORK,0.9977930188179016
45,1874,1897,8,132,155,Company of S . Bastiano,,0.8901861111323038
45,1906,1915,8,164,173,S . Jacopo,,0.5336568156878153
45,1922,1926,8,180,184,Arno,,0.530194878578186
45,1968,1976,8,226,234,Our Lady,WORK,0.8090484738349915
45,1978,1990,8,236,248,S. Sebastian,PER,0.9997396767139435
45,1996,2004,8,254,262,S. James,PER,0.9999398589134216
45,2023,2044,8,281,302,S . Martino alla Palma,,0.6970264434814453
45,2077,2098,9,31,52,S . Alessandro Vitelli,PER,0.9995237588882446
45,2100,2108,9,54,62,S . Anne,PER,0.9887894093990326
45,2139,2156,9,93,110,Città di Castello,LOC,0.9999770323435465
45,2199,2209,9,153,163,S . Fiorido,LOC,0.9999492963155111
46,0,19,0,0,19,Michele San Michele,PER,0.9999438921610514
46,37,43,0,37,43,Verona,LOC,0.9999818801879883
46,127,135,0,127,135,Giovanni,PER,0.9999517202377319
46,150,161,0,150,161,Bartolommeo,PER,0.9999713897705078
46,226,230,0,226,230,Rome,LOC,0.9999914169311523
46,303,309,0,303,309,Jacopo,PER,0.9992666840553284
46,360,371,0,360,371,Don Camillo,PER,0.9991885721683502
46,640,644,1,220,224,Rome,LOC,0.9999946355819702
46,736,743,2,33,40,Orvieto,LOC,0.9999889135360718
46,908,922,2,205,219,Monte Fiascone,LOC,0.998811274766922
46,1208,1219,3,71,82,S . Domenico,LOC,0.999919056892395
46,1223,1237,3,86,100,Monte Fiascone,,0.9929305911064148
46,1264,1272,3,127,135,Petrucci,PER,0.9989560842514038
46,1288,1293,3,151,156,Siena,LOC,0.9999909400939941
46,1524,1540,5,10,26,Pope Clement VII,PER,0.890269418557485
46,1663,1668,5,149,154,Italy,LOC,0.9997578263282776
46,1697,1717,5,183,203,Antonio da San Gallo,PER,0.999990314245224
46,1854,1860,5,340,346,Church,,0.9990153312683105
46,1950,1955,5,436,441,Parma,LOC,0.9999936819076538
46,1960,1968,5,446,454,Piacenza,LOC,0.9999940395355225
46,2018,2022,5,504,508,Rome,LOC,0.9999945163726807
46,2110,2117,6,35,42,Michele,PER,0.9999908208847046
46,2122,2129,6,47,54,Antonio,PER,0.999976634979248
46,2185,2192,6,110,117,Michele,PER,0.9999842643737793
47,0,7,0,0,7,Michele,PER,0.9999673366546631
47,161,167,0,161,167,Verona,LOC,0.9999889135360718
47,238,261,0,238,261,Chapel of the Guareschi,LOC,0.9999761879444122
47,265,278,0,265,278,S . Bernardino,LOC,0.9427892963091532
47,336,352,0,336,352,Corinthian Order,,0.8323205709457397
47,1009,1014,2,262,267,Italy,LOC,0.9997630715370178
47,1020,1027,3,4,11,Michele,PER,0.9999871253967285
47,1267,1287,3,251,271,Filippo Brunelleschi,PER,0.9999898672103882
47,1300,1335,3,284,319,Chapels of the Temple of the Angeli,LOC,0.9947822764515877
47,1339,1347,3,323,331,Florence,LOC,0.9999953508377075
47,1388,1395,4,0,7,Michele,PER,0.9999009370803833
47,1936,1943,6,73,80,Michele,PER,0.9999661445617676
47,2108,2115,6,245,252,Michele,PER,0.9999748468399048
48,0,7,0,0,7,Tiziano,PER,0.9999879598617554
48,20,26,0,20,26,Cadore,LOC,0.9999908208847046
48,62,67,0,62,67,Piave,,0.9999605417251587
48,112,116,0,112,116,Alps,,0.9999628067016602
48,159,166,0,159,166,Vecelli,PER,0.9762725234031677
48,287,293,1,82,88,Venice,LOC,0.9999920129776001
48,414,426,1,209,221,Gian Bellini,PER,0.9999922513961792
48,696,708,2,200,212,Gian Bellini,PER,0.9999811053276062
48,923,930,2,427,434,Tiziano,PER,0.9999091625213623
48,1008,1033,3,40,65,Giorgione da Castelfranco,PER,0.9972448746363322
48,3065,3074,6,569,578,Giorgione,PER,0.9999594688415527
48,3076,3081,6,580,585,Palma,PER,0.9999620914459229
48,3083,3092,6,587,596,Pordenone,PER,0.9999415874481201
48,3120,3124,6,624,628,Rome,LOC,0.9999722242355347
49,10,19,0,10,19,Giorgione,PER,0.9999717473983765
49,68,89,0,68,89,Fondaco de ' Tedeschi,LOC,0.9999724149703979
49,107,116,0,107,116,Barberigo,PER,0.9998291730880737
49,140,147,0,140,147,Tiziano,PER,0.9999759197235107
49,195,203,0,195,203,Merceria,LOC,0.9997442364692688
49,311,329,1,106,124,M . Andrea Loredano,PER,0.9997442066669464
49,347,358,1,142,153,S . Marcuola,LOC,0.9998170137405396
49,387,395,2,27,35,Our Lady,WORK,0.8342359662055969
49,501,508,2,141,148,Tiziano,PER,0.9999206066131592
49,842,860,4,22,40,M . Giovanni D'Anna,PER,0.9999866485595703
49,978,991,4,158,171,""" Ecce Homo """,WORK,0.9998491525650024
49,1028,1035,4,208,215,Tiziano,PER,0.999882698059082
49,1124,1132,5,37,45,Our Lady,WORK,0.9865923821926117
49,1292,1302,6,41,51,Maximilian,PER,0.9996277093887329
49,1336,1343,6,85,92,Tiziano,PER,0.9999405145645142
49,1405,1411,6,154,160,Tobias,PER,0.9970065951347351
49,1428,1452,6,177,201,Church of S . Marziliano,LOC,0.8650116622447968
49,1505,1524,6,254,273,S. John the Baptist,PER,0.999992161989212
49,1698,1719,6,447,468,Fondaco de ' Tedeschi,LOC,0.999985671043396
49,1779,1788,7,58,67,Giorgione,PER,0.9999847412109375
49,1829,1836,7,108,115,Tiziano,PER,0.9999897480010986
49,1892,1901,7,171,180,Giorgione,PER,0.9999842643737793
49,2013,2021,7,292,300,Merceria,,0.46070995926856995
49,2066,2077,7,345,356,Grand Canal,LOC,0.9999877611796061
49,2101,2110,8,22,31,Giorgione,PER,0.9999206066131592
49,2141,2148,8,62,69,Tiziano,PER,0.9998904466629028
49,2331,2338,8,252,259,Tiziano,PER,0.9998284578323364
50,0,21,0,0,21,Andrea del Verrocchio,PER,0.9999917348225912
50,682,688,2,112,118,Andrea,PER,0.9998822212219238
50,1014,1022,4,119,127,S . Maria,LOC,0.6143345435460409
50,1023,1032,4,128,137,del Fiore,LOC,0.8520543873310089
50,1036,1044,4,141,149,Florence,LOC,0.999982476234436
50,1376,1394,5,82,100,Guild of Merchants,,0.9999082386493683
50,1453,1464,5,159,170,S . Giovanni,PER,0.9990720550219218
51,60,68,0,60,68,Florence,LOC,0.9999759197235107
51,391,397,1,147,153,Andrea,PER,0.9999731779098511
51,451,457,1,207,213,Andrea,PER,0.999962568283081
51,496,502,1,252,258,Orsino,PER,0.999782145023346
51,686,705,2,57,76,Giuliano de ' Medici,PER,0.9999947845935822
51,745,752,2,116,123,Lorenzo,PER,0.9999780654907227
51,773,791,2,144,162,S . Maria del Fiore,LOC,0.9677491426467896
51,846,853,2,217,224,Lorenzo,PER,0.9999803304672241
51,961,967,3,10,16,Orsino,PER,0.9995145797729492
51,1066,1072,3,115,121,Andrea,PER,0.9999313354492188
51,1674,1704,4,362,392,Church of the Nuns of Chiarito,,0.9999871253967285
51,1711,1727,4,399,415,Via di S . Gallo,LOC,0.9999775091807047
51,1745,1773,4,433,461,Crucifix that works miracles,WORK,0.9464774131774902
51,1809,1816,5,34,41,Lorenzo,PER,0.9999821186065674
51,2129,2137,6,88,96,Florence,LOC,0.9999673366546631
51,2160,2190,6,119,149,Servite Church of the Nunziata,,0.999983012676239
51,2288,2290,7,22,24,S .,LOC,0.7650004327297211
51,2291,2296,7,25,30,Maria,PER,0.45985227823257446
51,2297,2309,7,31,43,degli Angeli,LOC,0.7356320321559906
51,2313,2319,7,47,53,Assisi,LOC,0.9999357461929321
51,2343,2350,7,77,84,Madonna,WORK,0.4721810519695282
51,2381,2399,7,115,133,Lorenzo de ' Medici,PER,0.9999180436134338
51,2487,2495,7,221,229,S . Maria,LOC,0.9104931155840555
51,2512,2518,7,246,252,Assisi,LOC,0.9999916553497314
51,2534,2546,7,268,280,S . Francesco,PER,0.9902900060017904
51,2601,2607,7,335,341,Cosimo,PER,0.9999765157699585
51,2703,2717,8,58,72,Servite Church,,0.9992897510528564
51,2737,2743,8,92,98,Orsino,PER,0.9992427825927734
52,0,15,0,0,15,Francesco Maria,PER,0.9999802112579346
52,30,36,0,30,36,Urbino,LOC,0.9999674558639526
52,72,83,0,72,83,Sant'Agnolo,LOC,0.9977953433990479
52,87,91,0,87,91,Vado,LOC,0.9961754083633423
52,173,191,0,173,191,Ottaviano Zucchero,PER,0.9999675154685974
52,234,240,0,234,240,Taddeo,PER,0.9999899864196777
52,540,549,1,142,151,Ottaviano,PER,0.9999504089355469
52,566,580,1,168,182,Pompeo da Fano,PER,0.9999736547470093
52,639,645,2,0,6,Pompeo,PER,0.9999949932098389
52,667,673,2,28,34,Taddeo,PER,0.9999961853027344
52,713,724,2,74,85,Sant'Agnolo,LOC,0.9978370070457458
52,1180,1184,3,355,359,Rome,LOC,0.9999706745147705
52,1399,1408,5,24,33,Francesco,PER,0.9999785423278809
52,1417,1428,5,42,53,Sant'Agnolo,PER,0.9999781847000122
52,1477,1492,5,102,117,Perino del Vaga,PER,0.9996780157089233
52,1637,1646,5,262,271,Francesco,PER,0.9999732971191406
52,1937,1941,6,167,171,Rome,LOC,0.9998807907104492
53,36,42,0,36,42,Emulio,PER,0.9999401569366455
53,56,60,0,56,60,Pope,PER,0.9853920340538025
53,232,241,0,232,241,Belvedere,LOC,0.9986054301261902
53,274,286,0,274,286,Pope Paul IV,PER,0.9999908606211344
53,390,403,0,390,403,Pirro Ligorio,PER,0.9999925494194031
53,484,500,1,79,95,Federigo Barocci,PER,0.9999677538871765
53,504,510,1,99,105,Urbino,LOC,0.9999812841415405
53,542,556,1,137,151,Leonardo Cungi,PER,0.999996542930603
53,561,577,1,156,172,Durante del Nero,PER,0.9999938408533732
53,587,605,1,182,200,Borgo San Sepolcro,LOC,0.9745179216066996
53,749,759,2,94,104,Santi Titi,PER,0.9998971223831177
53,774,782,2,119,127,Florence,LOC,0.999991774559021
53,892,909,2,237,254,Federigo Zucchero,PER,0.9999730587005615
53,926,932,2,271,277,Taddeo,PER,0.9999922513961792
53,953,971,2,298,316,Giovanni dal Carso,PER,0.9999927282333374
53,1128,1136,3,85,93,Federigo,PER,0.9992846846580505
53,1370,1388,4,55,73,Orazio Sammacchini,PER,0.999985933303833
53,1438,1451,4,123,136,Lorenzo Costa,PER,0.9999903440475464
53,1455,1461,4,140,146,Mantua,LOC,0.9999773502349854
53,1472,1489,5,9,26,Federigo Zucchero,PER,0.9999979734420776
53,1623,1632,6,58,67,Belvedere,LOC,0.999944806098938
53,1697,1702,6,132,137,Moses,PER,0.9861134886741638
53,1707,1714,6,142,149,Pharaoh,PER,0.5261969566345215
53,1832,1840,6,267,275,Federigo,PER,0.9995887875556946
53,1889,1907,6,324,342,Vincenzio Borghini,PER,0.999995231628418
53,2007,2015,7,25,33,Federigo,PER,0.9983919262886047
53,2028,2045,7,46,63,Angel slaying the,WORK,0.6967910726865133
53,2232,2240,8,74,82,Federigo,PER,0.9999741315841675
53,2341,2345,8,183,187,Rome,LOC,0.9999610185623169
53,2361,2369,8,203,211,Florence,LOC,0.9999523162841797
53,2722,2730,9,19,27,Federigo,PER,0.9999680519104004
53,2746,2765,9,43,62,Office of the Ruota,LOC,0.8756283760070801
53,2790,2802,9,87,99,Pope Pius IV,PER,0.9999910990397135
53,2900,2906,9,197,203,Taddeo,PER,0.9999784231185913
53,2944,2953,9,241,250,Caprarola,PER,0.9999419450759888
53,2972,2983,9,269,280,S . Marcello,LOC,0.9994833866755167
